transect_id,x1,y1,x2,y2
0,16155510.0000006,-4594050.0,16156709.9999994,-4594050.0
1,16155510.0000003,-4594100.09009009,16156709.9999997,-4594100.09009009
2,16155540.0000003,-4594120.18018018,16156739.9999997,-4594120.18018018
3,16155589.73667503,-4593841.395593858,16156630.26332497,-4594439.144946682
4,16156089.63963964,-4593570.0000003,16156089.63963964,-4594769.9999997
5,16156039.54954955,-4593570.0000003,16156039.54954955,-4594769.9999997
6,16155989.45945946,-4593570.0000003,16155989.45945946,-4594769.9999997
7,16155360.0000003,-4594190.630630631,16156559.9999997,-4594190.630630631
8,16155949.279279279,-4593630.0000003,16155949.279279279,-4594829.9999997
9,16155303.248104647,-4594168.4635975845,16156496.751895353,-4594293.158024037
10,16155300.0000003,-4594280.900900901,16156499.9999997,-4594280.900900901
11,16155940.99099099,-4594889.9999997,16155940.99099099,-4593690.0000003
12,16155961.081081081,-4594919.9999997,16155961.081081081,-4593720.0000003
13,16156011.171171172,-4594919.9999997,16156011.171171172,-4593720.0000003
14,16156061.261261262,-4594919.9999997,16156061.261261262,-4593720.0000003
15,16156709.9999997,-4594318.6486486485,16155510.0000003,-4594318.6486486485
16,16156131.441441441,-4594889.9999997,16156131.441441441,-4593690.0000003
17,16156151.531531531,-4594859.9999997,16156151.531531531,-4593660.0000003
18,16156201.621621622,-4594859.9999997,16156201.621621622,-4593660.0000003
19,16156251.711711712,-4594859.9999997,16156251.711711712,-4593660.0000003
20,16156271.801801803,-4594889.9999997,16156271.801801803,-4593690.0000003
21,16156321.891891891,-4594889.9999997,16156321.891891891,-4593690.0000003
22,16156371.981981982,-4594889.9999997,16156371.981981982,-4593690.0000003
23,16156392.072072072,-4594919.9999997,16156392.072072072,-4593720.0000003
24,16155810.0000003,-4594352.162162162,16157009.9999997,-4594352.162162162
25,16156432.252252253,-4594979.9999997,16156432.252252253,-4593780.0000003
26,16156482.342342343,-4594979.9999997,16156482.342342343,-4593780.0000003
27,16156532.432432432,-4594979.9999997,16156532.432432432,-4593780.0000003
28,16155960.0000003,-4594402.522522522,16157159.9999997,-4594402.522522522
29,16157189.9999997,-4594397.387387387,16155990.0000003,-4594397.387387387
30,16156020.0000003,-4594382.702702703,16157219.9999997,-4594382.702702703
31,16156642.792792793,-4595009.9999997,16156642.792792793,-4593810.0000003
32,16156692.882882884,-4595009.9999997,16156692.882882884,-4593810.0000003
33,16156742.972972972,-4595009.9999997,16156742.972972972,-4593810.0000003
34,16157369.9999997,-4594386.936936937,16156170.0000003,-4594386.936936937
35,16156813.153153153,-4594979.9999997,16156813.153153153,-4593780.0000003
36,16157459.9999997,-4594376.756756756,16156260.0000003,-4594376.756756756
37,16157459.9999997,-4594326.666666667,16156260.0000003,-4594326.666666667
38,16157459.9999997,-4594276.576576577,16156260.0000003,-4594276.576576577
39,16157429.9999997,-4594256.486486486,16156230.0000003,-4594256.486486486
40,16157429.9999997,-4594206.396396397,16156230.0000003,-4594206.396396397
41,16157429.9999997,-4594156.306306306,16156230.0000003,-4594156.306306306
42,16157429.9999997,-4594106.216216216,16156230.0000003,-4594106.216216216
43,16157429.9999997,-4594056.126126126,16156230.0000003,-4594056.126126126
44,16157429.9999997,-4594006.036036036,16156230.0000003,-4594006.036036036
45,16156834.054054054,-4594559.9999997,16156834.054054054,-4593360.0000003
46,16157459.9999997,-4593935.855855856,16156260.0000003,-4593935.855855856
47,16156904.234234234,-4594529.9999997,16156904.234234234,-4593330.0000003
48,16156320.0000003,-4593964.324324325,16157519.9999997,-4593964.324324325
49,16156944.414414415,-4594589.9999997,16156944.414414415,-4593390.0000003
50,16157549.9999997,-4593945.495495495,16156350.0000003,-4593945.495495495
51,16157579.9999997,-4593925.405405405,16156380.0000003,-4593925.405405405
52,16157579.9999997,-4593875.3153153155,16156380.0000003,-4593875.3153153155
53,16156965.225225225,-4593240.0000003,16156965.225225225,-4594439.9999997
54,16157549.9999997,-4593805.135135135,16156350.0000003,-4593805.135135135
55,16156925.045045044,-4593180.0000003,16156925.045045044,-4594379.9999997
56,16157519.9999997,-4593734.954954955,16156320.0000003,-4593734.954954955
57,16156925.135135135,-4594289.9999997,16156925.135135135,-4593090.0000003
58,16156975.225225225,-4594289.9999997,16156975.225225225,-4593090.0000003
59,16156964.684684685,-4593060.0000003,16156964.684684685,-4594259.9999997
60,16157549.9999997,-4593624.594594595,16156350.0000003,-4593624.594594595
61,16157549.9999997,-4593574.504504505,16156350.0000003,-4593574.504504505
62,16156965.585585585,-4594139.9999997,16156965.585585585,-4592940.0000003
63,16157015.675675675,-4594139.9999997,16157015.675675675,-4592940.0000003
64,16157065.765765766,-4594139.9999997,16157065.765765766,-4592940.0000003
65,16157115.855855856,-4594139.9999997,16157115.855855856,-4592940.0000003
66,16157165.945945946,-4594139.9999997,16157165.945945946,-4592940.0000003
67,16157789.9999997,-4593513.963963964,16156590.0000003,-4593513.963963964
68,16157819.9999997,-4593493.873873874,16156620.0000003,-4593493.873873874
69,16157819.9999997,-4593443.783783784,16156620.0000003,-4593443.783783784
70,16157246.306306306,-4594019.9999997,16157246.306306306,-4592820.0000003
71,16157266.396396397,-4593989.9999997,16157266.396396397,-4592790.0000003
72,16157909.9999997,-4593383.513513514,16156710.0000003,-4593383.513513514
73,16157909.9999997,-4593333.423423423,16156710.0000003,-4593333.423423423
74,16157939.9999997,-4593313.333333333,16156740.0000003,-4593313.333333333
75,16157939.9999997,-4593263.243243244,16156740.0000003,-4593263.243243244
76,16157366.846846847,-4593839.9999997,16157366.846846847,-4592640.0000003
77,16157969.9999997,-4593193.063063063,16156770.0000003,-4593193.063063063
78,16157969.9999997,-4593142.972972973,16156770.0000003,-4593142.972972973
79,16157342.882882884,-4592520.0000003,16157342.882882884,-4593719.9999997
80,16157939.9999997,-4593072.792792792,16156740.0000003,-4593072.792792792
81,16157302.702702703,-4592460.0000003,16157302.702702703,-4593659.9999997
82,16157252.612612613,-4592460.0000003,16157252.612612613,-4593659.9999997
83,16157819.9999997,-4593042.522522522,16156620.0000003,-4593042.522522522
84,16157227.567567568,-4593599.9999997,16157227.567567568,-4592400.0000003
85,16157277.657657657,-4593599.9999997,16157277.657657657,-4592400.0000003
86,16157297.747747747,-4593569.9999997,16157297.747747747,-4592370.0000003
87,16157317.837837838,-4593539.9999997,16157317.837837838,-4592340.0000003
88,16157367.927927928,-4593539.9999997,16157367.927927928,-4592340.0000003
89,16157388.018018018,-4593509.9999997,16157388.018018018,-4592310.0000003
90,16157438.108108109,-4593509.9999997,16157438.108108109,-4592310.0000003
91,16157488.198198197,-4593509.9999997,16157488.198198197,-4592310.0000003
92,16157471.711711712,-4592340.0000003,16157471.711711712,-4593539.9999997
93,16156860.0000003,-4592978.378378378,16158059.9999997,-4592978.378378378
94,16156860.0000003,-4593028.468468469,16158059.9999997,-4593028.468468469
95,16157441.441441441,-4592460.0000003,16157441.441441441,-4593659.9999997
96,16156830.0000003,-4593098.6486486485,16158029.9999997,-4593098.6486486485
97,16157458.738738738,-4593719.9999997,16157458.738738738,-4592520.0000003
98,16158089.9999997,-4593101.171171172,16156890.0000003,-4593101.171171172
99,16158119.9999997,-4593081.081081081,16156920.0000003,-4593081.081081081
100,16157549.00900901,-4593659.9999997,16157549.00900901,-4592460.0000003
101,16158179.9999997,-4593040.900900901,16156980.0000003,-4593040.900900901
102,16158179.9999997,-4592990.810810811,16156980.0000003,-4592990.810810811
103,16157609.279279279,-4593569.9999997,16157609.279279279,-4592370.0000003
104,16158239.9999997,-4592950.630630631,16157040.0000003,-4592950.630630631
105,16157679.45945946,-4593539.9999997,16157679.45945946,-4592340.0000003
106,16158261.07817361,-4593123.032864197,16157138.92182639,-4592697.868036703
107,16158329.9999997,-4592890.360360361,16157130.0000003,-4592890.360360361
108,16158359.9999997,-4592870.27027027,16157160.0000003,-4592870.27027027
109,16158252.773020094,-4593162.48815579,16157267.226979906,-4592477.87220457
110,16157809.90990991,-4593419.9999997,16157809.90990991,-4592220.0000003
111,16157830.0,-4593389.9999997,16157830.0,-4592190.0000003
112,16158340.620584182,-4593174.394860096,16157419.379415818,-4592405.424959723
113,16157900.18018018,-4593359.9999997,16157900.18018018,-4592160.0000003
114,16157920.27027027,-4593329.9999997,16157920.27027027,-4592130.0000003
115,16158512.972685527,-4592984.944677374,16157427.027314473,-4592474.334601904
116,16158569.9999997,-4592679.54954955,16157370.0000003,-4592679.54954955
117,16158599.9999997,-4592659.459459459,16157400.0000003,-4592659.459459459
118,16158615.174838325,-4592771.922785623,16157444.825161675,-4592506.815953115
119,16158050.720720721,-4593209.9999997,16158050.720720721,-4592010.0000003
120,16158689.9999997,-4592599.189189189,16157490.0000003,-4592599.189189189
121,16158719.186312325,-4592610.336300378,16157520.813687675,-4592547.86189782
122,16158719.9999997,-4592529.009009009,16157520.0000003,-4592529.009009009
123,16158161.081081081,-4593119.9999997,16158161.081081081,-4591920.0000003
124,16158211.171171172,-4593119.9999997,16158211.171171172,-4591920.0000003
125,16158839.9999997,-4592498.738738739,16157640.0000003,-4592498.738738739
126,16158869.9999997,-4592478.6486486485,16157670.0000003,-4592478.6486486485
127,16158301.441441441,-4593059.9999997,16158301.441441441,-4591860.0000003
128,16158351.531531531,-4593059.9999997,16158351.531531531,-4591860.0000003
129,16158371.621621622,-4593029.9999997,16158371.621621622,-4591830.0000003
130,16158989.9999997,-4592398.288288289,16157790.0000003,-4592398.288288289
131,16158411.801801803,-4592969.9999997,16158411.801801803,-4591770.0000003
132,16158431.891891891,-4592939.9999997,16158431.891891891,-4591740.0000003
133,16158481.981981982,-4592939.9999997,16158481.981981982,-4591740.0000003
134,16159109.9999997,-4592317.927927928,16157910.0000003,-4592317.927927928
135,16158552.162162162,-4592909.9999997,16158552.162162162,-4591710.0000003
136,16158572.252252253,-4592879.9999997,16158572.252252253,-4591680.0000003
137,16158622.342342343,-4592879.9999997,16158622.342342343,-4591680.0000003
138,16159259.9999997,-4592267.567567567,16158060.0000003,-4592267.567567567
139,16158662.522522522,-4592819.9999997,16158662.522522522,-4591620.0000003
140,16158090.0000003,-4592242.612612613,16159289.9999997,-4592242.612612613
141,16159319.9999997,-4592237.297297297,16158120.0000003,-4592237.297297297
142,16158722.792792793,-4592789.9999997,16158722.792792793,-4591590.0000003
143,16158772.882882884,-4592789.9999997,16158772.882882884,-4591590.0000003
144,16159409.9999997,-4592177.027027027,16158210.0000003,-4592177.027027027
145,16158843.063063063,-4592759.9999997,16158843.063063063,-4591560.0000003
146,16159469.9999997,-4592136.846846847,16158270.0000003,-4592136.846846847
147,16158913.243243244,-4592729.9999997,16158913.243243244,-4591530.0000003
148,16159559.9999997,-4592126.666666667,16158360.0000003,-4592126.666666667
149,16158983.423423423,-4592699.9999997,16158983.423423423,-4591500.0000003
150,16159033.513513513,-4592699.9999997,16159033.513513513,-4591500.0000003
151,16159649.9999997,-4592066.396396397,16158450.0000003,-4592066.396396397
152,16159073.693693694,-4592639.9999997,16159073.693693694,-4591440.0000003
153,16159709.9999997,-4592026.216216216,16158510.0000003,-4592026.216216216
154,16159143.873873875,-4592609.9999997,16159143.873873875,-4591410.0000003
155,16159193.963963963,-4592609.9999997,16159193.963963963,-4591410.0000003
156,16159829.9999997,-4591995.945945946,16158630.0000003,-4591995.945945946
157,16159264.144144144,-4592579.9999997,16159264.144144144,-4591380.0000003
158,16159314.234234234,-4592579.9999997,16159314.234234234,-4591380.0000003
159,16159334.324324325,-4592549.9999997,16159334.324324325,-4591350.0000003
160,16159384.414414415,-4592549.9999997,16159384.414414415,-4591350.0000003
161,16160009.9999997,-4591925.495495495,16158810.0000003,-4591925.495495495
162,16159454.594594594,-4592519.9999997,16159454.594594594,-4591320.0000003
163,16160099.9999997,-4591915.3153153155,16158900.0000003,-4591915.3153153155
164,16160099.9999997,-4591865.225225225,16158900.0000003,-4591865.225225225
165,16159544.864864865,-4592459.9999997,16159544.864864865,-4591260.0000003
166,16160189.9999997,-4591855.045045045,16158990.0000003,-4591855.045045045
167,16159615.045045044,-4592429.9999997,16159615.045045044,-4591230.0000003
168,16159665.135135135,-4592429.9999997,16159665.135135135,-4591230.0000003
169,16159685.225225225,-4592399.9999997,16159685.225225225,-4591200.0000003
170,16159735.315315315,-4592399.9999997,16159735.315315315,-4591200.0000003
171,16160369.9999997,-4591784.594594595,16159170.0000003,-4591784.594594595
172,16159805.495495496,-4592369.9999997,16159805.495495496,-4591170.0000003
173,16160429.9999997,-4591744.414414414,16159230.0000003,-4591744.414414414
174,16160459.9999997,-4591724.324324325,16159260.0000003,-4591724.324324325
175,16160489.9999997,-4591704.234234234,16159290.0000003,-4591704.234234234
176,16159915.855855856,-4592279.9999997,16159915.855855856,-4591080.0000003
177,16159965.945945946,-4592279.9999997,16159965.945945946,-4591080.0000003
178,16160016.036036037,-4592279.9999997,16160016.036036037,-4591080.0000003
179,16160639.9999997,-4591653.873873874,16159440.0000003,-4591653.873873874
180,16160086.216216216,-4592249.9999997,16160086.216216216,-4591050.0000003
181,16160106.306306306,-4592219.9999997,16160106.306306306,-4591020.0000003
182,16160156.396396397,-4592219.9999997,16160156.396396397,-4591020.0000003
183,16160789.9999997,-4591603.513513514,16159590.0000003,-4591603.513513514
184,16160819.9999997,-4591583.423423423,16159620.0000003,-4591583.423423423
185,16160819.9999997,-4591533.333333333,16159620.0000003,-4591533.333333333
186,16160266.756756756,-4592129.9999997,16160266.756756756,-4590930.0000003
187,16160316.846846847,-4592129.9999997,16160316.846846847,-4590930.0000003
188,16160366.936936937,-4592129.9999997,16160366.936936937,-4590930.0000003
189,16160387.027027028,-4592099.9999997,16160387.027027028,-4590900.0000003
190,16160437.117117116,-4592099.9999997,16160437.117117116,-4590900.0000003
191,16161059.9999997,-4591472.792792792,16159860.0000003,-4591472.792792792
192,16161089.9999997,-4591452.702702703,16159890.0000003,-4591452.702702703
193,16160527.387387387,-4592039.9999997,16160527.387387387,-4590840.0000003
194,16160577.477477478,-4592039.9999997,16160577.477477478,-4590840.0000003
195,16161179.9999997,-4591392.432432433,16159980.0000003,-4591392.432432433
196,16160010.0000003,-4591387.657657658,16161209.9999997,-4591387.657657658
197,16160010.0000003,-4591437.747747748,16161209.9999997,-4591437.747747748
198,16160627.837837838,-4592069.9999997,16160627.837837838,-4590870.0000003
199,16160647.927927928,-4592039.9999997,16160647.927927928,-4590840.0000003
200,16160698.018018018,-4592039.9999997,16160698.018018018,-4590840.0000003
201,16161329.9999997,-4591421.891891892,16160130.0000003,-4591421.891891892
202,16160160.0000003,-4591418.198198198,16161359.9999997,-4591418.198198198
203,16160160.0000003,-4591468.288288289,16161359.9999997,-4591468.288288289
204,16160741.621621622,-4590900.0000003,16160741.621621622,-4592099.9999997
205,16160130.0000003,-4591538.468468469,16161329.9999997,-4591538.468468469
206,16160701.441441441,-4590960.0000003,16160701.441441441,-4592159.9999997
207,16160100.0000003,-4591608.6486486485,16161299.9999997,-4591608.6486486485
208,16160070.0000003,-4591628.738738739,16161269.9999997,-4591628.738738739
209,16160070.0000003,-4591678.828828828,16161269.9999997,-4591678.828828828
210,16160070.0000003,-4591728.918918919,16161269.9999997,-4591728.918918919
211,16160660.99099099,-4591170.0000003,16160660.99099099,-4592369.9999997
212,16160040.0000003,-4591799.099099099,16161239.9999997,-4591799.099099099
213,16160040.0000003,-4591849.189189189,16161239.9999997,-4591849.189189189
214,16160630.720720721,-4591290.0000003,16160630.720720721,-4592489.9999997
215,16160024.825161675,-4591786.815953115,16161195.174838325,-4592051.922785623
216,16160560.54054054,-4591320.0000003,16160560.54054054,-4592519.9999997
217,16159950.0000003,-4591959.54954955,16161149.9999997,-4591959.54954955
218,16160265.055322785,-4591437.0273143975,16160775.665397935,-4592522.9726856025
219,16159920.0000003,-4592029.72972973,16161119.9999997,-4592029.72972973
220,16160529.81981982,-4592669.9999997,16160529.81981982,-4591470.0000003
221,16159950.0000003,-4592099.90990991,16161149.9999997,-4592099.90990991
222,16160570.0,-4592729.9999997,16160570.0,-4591530.0000003
223,16160620.09009009,-4592729.9999997,16160620.09009009,-4591530.0000003
224,16161162.773020094,-4592472.12779543,16160177.226979906,-4591787.51184421
225,16161269.9999997,-4592079.72972973,16160070.0000003,-4592079.72972973
226,16160680.36036036,-4592639.9999997,16160680.36036036,-4591440.0000003
227,16160730.45045045,-4592639.9999997,16160730.45045045,-4591440.0000003
228,16160780.54054054,-4592639.9999997,16160780.54054054,-4591440.0000003
229,16160830.630630631,-4592639.9999997,16160830.630630631,-4591440.0000003
230,16160880.720720721,-4592639.9999997,16160880.720720721,-4591440.0000003
231,16160930.81081081,-4592639.9999997,16160930.81081081,-4591440.0000003
232,16160340.0000003,-4592080.900900901,16161539.9999997,-4592080.900900901
233,16160970.99099099,-4592699.9999997,16160970.99099099,-4591500.0000003
234,16161021.081081081,-4592699.9999997,16161021.081081081,-4591500.0000003
235,16160460.0000003,-4592111.171171172,16161659.9999997,-4592111.171171172
236,16161091.261261262,-4592729.9999997,16161091.261261262,-4591530.0000003
237,16160520.0000003,-4592151.3513513515,16161719.9999997,-4592151.3513513515
238,16160520.0000003,-4592201.441441442,16161719.9999997,-4592201.441441442
239,16161151.531531531,-4592819.9999997,16161151.531531531,-4591620.0000003
240,16160580.0000003,-4592241.621621622,16161779.9999997,-4592241.621621622
241,16161191.711711712,-4592879.9999997,16161191.711711712,-4591680.0000003
242,16161241.801801803,-4592879.9999997,16161241.801801803,-4591680.0000003
243,16161869.9999997,-4592258.108108108,16160670.0000003,-4592258.108108108
244,16161869.9999997,-4592208.018018018,16160670.0000003,-4592208.018018018
245,16161267.927927928,-4591560.0000003,16161267.927927928,-4592759.9999997
246,16161217.837837838,-4591560.0000003,16161217.837837838,-4592759.9999997
247,16161197.747747747,-4591530.0000003,16161197.747747747,-4592729.9999997
248,16161779.9999997,-4592097.657657658,16160580.0000003,-4592097.657657658
249,16161202.432432432,-4592669.9999997,16161202.432432432,-4591470.0000003
250,16161839.9999997,-4592057.477477478,16160640.0000003,-4592057.477477478
251,16161242.612612613,-4592609.9999997,16161242.612612613,-4591410.0000003
252,16161292.702702703,-4592609.9999997,16161292.702702703,-4591410.0000003
253,16161899.9999997,-4591967.207207208,16160700.0000003,-4591967.207207208
254,16160730.0000003,-4591952.882882883,16161929.9999997,-4591952.882882883
255,16161352.972972972,-4592579.9999997,16161352.972972972,-4591380.0000003
256,16160790.0000003,-4591993.063063063,16161989.9999997,-4591993.063063063
257,16161423.153153153,-4592609.9999997,16161423.153153153,-4591410.0000003
258,16161473.243243244,-4592609.9999997,16161473.243243244,-4591410.0000003
259,16162079.9999997,-4591966.666666667,16160880.0000003,-4591966.666666667
260,16161483.423423423,-4592519.9999997,16161483.423423423,-4591320.0000003
261,16162109.9999997,-4591896.486486486,16160910.0000003,-4591896.486486486
262,16161496.396396397,-4591260.0000003,16161496.396396397,-4592459.9999997
263,16160850.0000003,-4591863.693693694,16162049.9999997,-4591863.693693694
264,16160850.0000003,-4591913.783783784,16162049.9999997,-4591913.783783784
265,16161406.126126125,-4591320.0000003,16161406.126126125,-4592519.9999997
266,16161356.036036037,-4591320.0000003,16161356.036036037,-4592519.9999997
267,16161929.9999997,-4591895.945945946,16160730.0000003,-4591895.945945946
268,16161929.9999997,-4591845.855855856,16160730.0000003,-4591845.855855856
269,16161364.234234234,-4592429.9999997,16161364.234234234,-4591230.0000003
270,16161989.9999997,-4591805.675675675,16160790.0000003,-4591805.675675675
271,16161434.414414415,-4592399.9999997,16161434.414414415,-4591200.0000003
272,16162049.9999997,-4591765.495495495,16160850.0000003,-4591765.495495495
273,16161474.594594594,-4592339.9999997,16161474.594594594,-4591140.0000003
274,16162079.9999997,-4591695.3153153155,16160880.0000003,-4591695.3153153155
275,16162049.9999997,-4591675.225225225,16160850.0000003,-4591675.225225225
276,16161425.135135135,-4591050.0000003,16161425.135135135,-4592249.9999997
277,16162019.9999997,-4591605.045045045,16160820.0000003,-4591605.045045045
278,16162019.9999997,-4591554.954954955,16160820.0000003,-4591554.954954955
279,16161445.135135135,-4592129.9999997,16161445.135135135,-4590930.0000003
280,16161495.225225225,-4592129.9999997,16161495.225225225,-4590930.0000003
281,16161545.315315315,-4592129.9999997,16161545.315315315,-4590930.0000003
282,16162169.9999997,-4591504.594594595,16160970.0000003,-4591504.594594595
283,16161615.495495496,-4592099.9999997,16161615.495495496,-4590900.0000003
284,16162229.9999997,-4591464.414414414,16161030.0000003,-4591464.414414414
285,16161655.675675675,-4592039.9999997,16161655.675675675,-4590840.0000003
286,16161090.0000003,-4591455.765765766,16162289.9999997,-4591455.765765766
287,16161695.855855856,-4592099.9999997,16161695.855855856,-4590900.0000003
288,16161120.0000003,-4591525.945945946,16162319.9999997,-4591525.945945946
289,16162349.9999997,-4591513.963963964,16161150.0000003,-4591513.963963964
290,16161180.0000003,-4591506.126126126,16162379.9999997,-4591506.126126126
291,16161180.0000003,-4591556.216216216,16162379.9999997,-4591556.216216216
292,16161826.306306306,-4592159.9999997,16161826.306306306,-4590960.0000003
293,16161240.0000003,-4591596.396396397,16162439.9999997,-4591596.396396397
294,16161866.486486487,-4592219.9999997,16161866.486486487,-4591020.0000003
295,16161916.576576577,-4592219.9999997,16161916.576576577,-4591020.0000003
296,16161966.666666666,-4592219.9999997,16161966.666666666,-4591020.0000003
297,16162016.756756756,-4592219.9999997,16162016.756756756,-4591020.0000003
298,16162066.846846847,-4592219.9999997,16162066.846846847,-4591020.0000003
299,16162086.936936937,-4592249.9999997,16162086.936936937,-4591050.0000003
300,16162137.027027028,-4592249.9999997,16162137.027027028,-4591050.0000003
301,16162187.117117116,-4592249.9999997,16162187.117117116,-4591050.0000003
302,16162237.207207207,-4592249.9999997,16162237.207207207,-4591050.0000003
303,16162859.9999997,-4591622.702702703,16161660.0000003,-4591622.702702703
304,16162277.387387387,-4592189.9999997,16162277.387387387,-4590990.0000003
305,16162919.9999997,-4591582.522522522,16161720.0000003,-4591582.522522522
306,16162919.9999997,-4591532.432432433,16161720.0000003,-4591532.432432433
307,16161750.0000003,-4591547.657657658,16162949.9999997,-4591547.657657658
308,16162357.747747747,-4592189.9999997,16162357.747747747,-4590990.0000003
309,16162407.837837838,-4592189.9999997,16162407.837837838,-4590990.0000003
310,16162427.927927928,-4592219.9999997,16162427.927927928,-4591020.0000003
311,16162448.018018018,-4592249.9999997,16162448.018018018,-4591050.0000003
312,16161870.0000003,-4591678.108108108,16163069.9999997,-4591678.108108108
313,16161870.0000003,-4591728.198198198,16163069.9999997,-4591728.198198198
314,16162478.288288288,-4592369.9999997,16162478.288288288,-4591170.0000003
315,16163099.9999997,-4591741.621621622,16161900.0000003,-4591741.621621622
316,16162518.468468469,-4592309.9999997,16162518.468468469,-4591110.0000003
317,16162568.558558559,-4592309.9999997,16162568.558558559,-4591110.0000003
318,16162618.64864865,-4592309.9999997,16162618.64864865,-4591110.0000003
319,16162638.738738738,-4592339.9999997,16162638.738738738,-4591140.0000003
320,16162688.828828828,-4592339.9999997,16162688.828828828,-4591140.0000003
321,16162738.918918919,-4592339.9999997,16162738.918918919,-4591140.0000003
322,16162759.00900901,-4592309.9999997,16162759.00900901,-4591110.0000003
323,16163369.9999997,-4591670.900900901,16162170.0000003,-4591670.900900901
324,16163369.9999997,-4591620.810810811,16162170.0000003,-4591620.810810811
325,16163369.9999997,-4591570.7207207205,16162170.0000003,-4591570.7207207205
326,16163369.9999997,-4591520.630630631,16162170.0000003,-4591520.630630631
327,16163344.972656112,-4591642.023613392,16162195.027343888,-4591299.057467689
328,16162819.54954955,-4592069.9999997,16162819.54954955,-4590870.0000003
329,16163429.9999997,-4591430.360360361,16162230.0000003,-4591430.360360361
330,16163429.9999997,-4591380.27027027,16162230.0000003,-4591380.27027027
331,16163429.9999997,-4591330.18018018,16162230.0000003,-4591330.18018018
332,16163429.9999997,-4591280.09009009,16162230.0000003,-4591280.09009009
333,16163429.9999997,-4591230.0,16162230.0000003,-4591230.0
334,16163429.9999997,-4591179.90990991,16162230.0000003,-4591179.90990991
335,16163459.9999997,-4591159.81981982,16162260.0000003,-4591159.81981982
336,16163459.9999997,-4591109.72972973,16162260.0000003,-4591109.72972973
337,16163459.9999997,-4591059.639639639,16162260.0000003,-4591059.639639639
338,16163459.9999997,-4591009.54954955,16162260.0000003,-4591009.54954955
339,16163459.9999997,-4590959.459459459,16162260.0000003,-4590959.459459459
340,16163459.9999997,-4590909.369369369,16162260.0000003,-4590909.369369369
341,16162849.279279279,-4590270.0000003,16162849.279279279,-4591469.9999997
342,16163396.751895353,-4590806.841975963,16162203.248104647,-4590931.5364024155
343,16163399.9999997,-4590819.099099099,16162200.0000003,-4590819.099099099
344,16162759.00900901,-4590210.0000003,16162759.00900901,-4591409.9999997
345,16162708.918918919,-4590210.0000003,16162708.918918919,-4591409.9999997
346,16162658.828828828,-4590210.0000003,16162658.828828828,-4591409.9999997
347,16162608.738738738,-4590210.0000003,16162608.738738738,-4591409.9999997
348,16163159.9999997,-4590808.6486486485,16161960.0000003,-4590808.6486486485
349,16162538.558558559,-4590180.0000003,16162538.558558559,-4591379.9999997
350,16162488.468468469,-4590180.0000003,16162488.468468469,-4591379.9999997
351,16162438.378378378,-4590180.0000003,16162438.378378378,-4591379.9999997
352,16162388.288288288,-4590180.0000003,16162388.288288288,-4591379.9999997
353,16162949.9999997,-4590768.198198198,16161750.0000003,-4590768.198198198
354,16162318.108108109,-4590150.0000003,16162318.108108109,-4591349.9999997
355,16162889.9999997,-4590728.018018018,16161690.0000003,-4590728.018018018
356,16162302.072072072,-4591289.9999997,16162302.072072072,-4590090.0000003
357,16162949.9999997,-4590687.837837838,16161750.0000003,-4590687.837837838
358,16162372.252252253,-4591259.9999997,16162372.252252253,-4590060.0000003
359,16162367.657657657,-4590030.0000003,16162367.657657657,-4591229.9999997
360,16162352.432432432,-4591199.9999997,16162352.432432432,-4590000.0000003
361,16162402.522522522,-4591199.9999997,16162402.522522522,-4590000.0000003
362,16163009.9999997,-4590557.387387387,16161810.0000003,-4590557.387387387
363,16162412.702702703,-4591109.9999997,16162412.702702703,-4589910.0000003
364,16162462.792792793,-4591109.9999997,16162462.792792793,-4589910.0000003
365,16162482.882882884,-4591079.9999997,16162482.882882884,-4589880.0000003
366,16163099.9999997,-4590447.027027027,16161900.0000003,-4590447.027027027
367,16163099.9999997,-4590396.936936937,16161900.0000003,-4590396.936936937
368,16163129.9999997,-4590376.846846847,16161930.0000003,-4590376.846846847
369,16162563.243243244,-4590959.9999997,16162563.243243244,-4589760.0000003
370,16163189.9999997,-4590336.666666667,16161990.0000003,-4590336.666666667
371,16163189.9999997,-4590286.576576577,16161990.0000003,-4590286.576576577
372,16163189.9999997,-4590236.486486486,16161990.0000003,-4590236.486486486
373,16162613.603603603,-4590809.9999997,16162613.603603603,-4589610.0000003
374,16163219.9999997,-4590166.306306306,16162020.0000003,-4590166.306306306
375,16162623.783783784,-4590719.9999997,16162623.783783784,-4589520.0000003
376,16163249.9999997,-4590096.126126126,16162050.0000003,-4590096.126126126
377,16163279.9999997,-4590076.036036036,16162080.0000003,-4590076.036036036
378,16163309.9999997,-4590055.945945946,16162110.0000003,-4590055.945945946
379,16162734.144144144,-4590629.9999997,16162734.144144144,-4589430.0000003
380,16162754.234234234,-4590599.9999997,16162754.234234234,-4589400.0000003
381,16162200.0000003,-4590004.324324325,16163399.9999997,-4590004.324324325
382,16162775.585585585,-4589430.0000003,16162775.585585585,-4590629.9999997
383,16162784.504504504,-4590659.9999997,16162784.504504504,-4589460.0000003
384,16162834.594594594,-4590659.9999997,16162834.594594594,-4589460.0000003
385,16162260.0000003,-4590084.6846846845,16163459.9999997,-4590084.6846846845
386,16162290.0000003,-4590104.774774775,16163489.9999997,-4590104.774774775
387,16162290.0000003,-4590154.864864865,16163489.9999997,-4590154.864864865
388,16162290.0000003,-4590204.954954955,16163489.9999997,-4590204.954954955
389,16163519.9999997,-4590194.954954955,16162320.0000003,-4590194.954954955
390,16162925.135135135,-4590749.9999997,16162925.135135135,-4589550.0000003
391,16162975.225225225,-4590749.9999997,16162975.225225225,-4589550.0000003
392,16162410.0000003,-4590165.3153153155,16163609.9999997,-4590165.3153153155
393,16163045.405405406,-4590779.9999997,16163045.405405406,-4589580.0000003
394,16162470.0000003,-4590205.495495495,16163669.9999997,-4590205.495495495
395,16162500.0000003,-4590225.585585586,16163699.9999997,-4590225.585585586
396,16163105.675675675,-4590869.9999997,16163105.675675675,-4589670.0000003
397,16163155.765765766,-4590869.9999997,16163155.765765766,-4589670.0000003
398,16162590.0000003,-4590285.855855856,16163789.9999997,-4590285.855855856
399,16163225.945945946,-4590899.9999997,16163225.945945946,-4589700.0000003
400,16163849.9999997,-4590273.963963964,16162650.0000003,-4590273.963963964
401,16163849.9999997,-4590223.873873874,16162650.0000003,-4590223.873873874
402,16163286.216216216,-4590809.9999997,16163286.216216216,-4589610.0000003
403,16162710.0000003,-4590236.306306306,16163909.9999997,-4590236.306306306
404,16162710.0000003,-4590286.396396397,16163909.9999997,-4590286.396396397
405,16163316.486486487,-4590929.9999997,16163316.486486487,-4589730.0000003
406,16162740.0000003,-4590356.576576577,16163939.9999997,-4590356.576576577
407,16163356.666666666,-4590989.9999997,16163356.666666666,-4589790.0000003
408,16163406.756756756,-4590989.9999997,16163406.756756756,-4589790.0000003
409,16163456.846846847,-4590989.9999997,16163456.846846847,-4589790.0000003
410,16162860.0000003,-4590436.936936937,16164059.9999997,-4590436.936936937
411,16162890.0000003,-4590457.027027027,16164089.9999997,-4590457.027027027
412,16163517.117117116,-4591079.9999997,16163517.117117116,-4589880.0000003
413,16163537.207207207,-4591109.9999997,16163537.207207207,-4589910.0000003
414,16163557.297297297,-4591139.9999997,16163557.297297297,-4589940.0000003
415,16163607.387387387,-4591139.9999997,16163607.387387387,-4589940.0000003
416,16163592.522522522,-4589970.0000003,16163592.522522522,-4591169.9999997
417,16162950.0000003,-4590577.567567567,16164149.9999997,-4590577.567567567
418,16163522.342342343,-4590000.0000003,16163522.342342343,-4591199.9999997
419,16162920.0000003,-4590647.747747748,16164119.9999997,-4590647.747747748
420,16162890.0000003,-4590667.837837838,16164089.9999997,-4590667.837837838
421,16162890.0000003,-4590717.927927928,16164089.9999997,-4590717.927927928
422,16163471.981981982,-4590150.0000003,16163471.981981982,-4591349.9999997
423,16162830.0000003,-4590758.108108108,16164029.9999997,-4590758.108108108
424,16162830.0000003,-4590808.198198198,16164029.9999997,-4590808.198198198
425,16162830.0000003,-4590858.288288289,16164029.9999997,-4590858.288288289
426,16162800.0000003,-4590878.378378378,16163999.9999997,-4590878.378378378
427,16163428.468468469,-4591499.9999997,16163428.468468469,-4590300.0000003
428,16163478.558558559,-4591499.9999997,16163478.558558559,-4590300.0000003
429,16162890.0000003,-4590938.6486486485,16164089.9999997,-4590938.6486486485
430,16163518.738738738,-4591559.9999997,16163518.738738738,-4590360.0000003
431,16163538.828828828,-4591529.9999997,16163538.828828828,-4590330.0000003
432,16164149.9999997,-4590891.081081081,16162950.0000003,-4590891.081081081
433,16163523.705895388,-4590270.006142587,16163518.276086593,-4591469.993857413
434,16164119.9999997,-4590820.900900901,16162920.0000003,-4590820.900900901
435,16164149.9999997,-4590800.810810811,16162950.0000003,-4590800.810810811
436,16164142.250038926,-4590846.845072364,16162957.749961074,-4590654.5963690765
437,16163599.369369369,-4591349.9999997,16163599.369369369,-4590150.0000003
438,16163040.0000003,-4590759.459459459,16164239.9999997,-4590759.459459459
439,16163078.92182639,-4591022.131963297,16164201.07817361,-4590596.967135803
440,16163689.63963964,-4591409.9999997,16163689.63963964,-4590210.0000003
441,16163709.72972973,-4591379.9999997,16163709.72972973,-4590180.0000003
442,16163759.81981982,-4591379.9999997,16163759.81981982,-4590180.0000003
443,16163809.90990991,-4591379.9999997,16163809.90990991,-4590180.0000003
444,16164419.9999997,-4590740.0,16163220.0000003,-4590740.0
445,16164419.9999997,-4590689.90990991,16163220.0000003,-4590689.90990991
446,16164419.9999997,-4590639.81981982,16163220.0000003,-4590639.81981982
447,16164419.9999997,-4590589.72972973,16163220.0000003,-4590589.72972973
448,16164419.9999997,-4590539.639639639,16163220.0000003,-4590539.639639639
449,16163840.45045045,-4591109.9999997,16163840.45045045,-4589910.0000003
450,16163890.54054054,-4591109.9999997,16163890.54054054,-4589910.0000003
451,16163354.825161675,-4590643.184046885,16164525.174838325,-4590378.077214377
452,16163960.720720721,-4591139.9999997,16163960.720720721,-4589940.0000003
453,16164010.81081081,-4591139.9999997,16164010.81081081,-4589940.0000003
454,16164062.138101902,-4591109.18631234,16163999.663699899,-4589910.81368766
455,16164080.99099099,-4591109.9999997,16164080.99099099,-4589910.0000003
456,16163490.0000003,-4590551.081081081,16164689.9999997,-4590551.081081081
457,16163460.0000003,-4590571.171171172,16164659.9999997,-4590571.171171172
458,16163460.0000003,-4590621.261261261,16164659.9999997,-4590621.261261261
459,16163460.0000003,-4590671.3513513515,16164659.9999997,-4590671.3513513515
460,16163460.0000003,-4590721.441441442,16164659.9999997,-4590721.441441442
461,16164081.531531531,-4591349.9999997,16164081.531531531,-4590150.0000003
462,16164131.621621622,-4591349.9999997,16164131.621621622,-4590150.0000003
463,16164181.711711712,-4591349.9999997,16164181.711711712,-4590150.0000003
464,16164231.801801803,-4591349.9999997,16164231.801801803,-4590150.0000003
465,16164839.9999997,-4590708.108108108,16163640.0000003,-4590708.108108108
466,16164208.018018018,-4590090.0000003,16164208.018018018,-4591289.9999997
467,16164157.927927928,-4590090.0000003,16164157.927927928,-4591289.9999997
468,16164719.9999997,-4590677.837837838,16163520.0000003,-4590677.837837838
469,16164719.9999997,-4590627.747747748,16163520.0000003,-4590627.747747748
470,16164719.9999997,-4590577.657657658,16163520.0000003,-4590577.657657658
471,16164719.9999997,-4590527.567567567,16163520.0000003,-4590527.567567567
472,16164152.522522522,-4591109.9999997,16164152.522522522,-4589910.0000003
473,16164202.612612613,-4591109.9999997,16164202.612612613,-4589910.0000003
474,16164222.702702703,-4591139.9999997,16164222.702702703,-4589940.0000003
475,16164839.9999997,-4590507.207207208,16163640.0000003,-4590507.207207208
476,16164262.882882884,-4591079.9999997,16164262.882882884,-4589880.0000003
477,16164312.972972972,-4591079.9999997,16164312.972972972,-4589880.0000003
478,16163760.0000003,-4590483.063063063,16164959.9999997,-4590483.063063063
479,16164383.153153153,-4591109.9999997,16164383.153153153,-4589910.0000003
480,16164403.243243244,-4591079.9999997,16164403.243243244,-4589880.0000003
481,16164453.333333334,-4591079.9999997,16164453.333333334,-4589880.0000003
482,16164503.423423423,-4591079.9999997,16164503.423423423,-4589880.0000003
483,16163910.0000003,-4590523.513513514,16165109.9999997,-4590523.513513514
484,16163910.0000003,-4590573.603603603,16165109.9999997,-4590573.603603603
485,16163910.0000003,-4590623.693693694,16165109.9999997,-4590623.693693694
486,16163880.0000003,-4590643.783783784,16165079.9999997,-4590643.783783784
487,16163880.0000003,-4590693.873873874,16165079.9999997,-4590693.873873874
488,16163880.0000003,-4590743.963963964,16165079.9999997,-4590743.963963964
489,16163910.0000003,-4590764.054054054,16165109.9999997,-4590764.054054054
490,16164505.855855856,-4590210.0000003,16164505.855855856,-4591409.9999997
491,16164455.765765766,-4590210.0000003,16164455.765765766,-4591409.9999997
492,16164405.675675675,-4590210.0000003,16164405.675675675,-4591409.9999997
493,16164355.585585585,-4590210.0000003,16164355.585585585,-4591409.9999997
494,16164305.495495496,-4590210.0000003,16164305.495495496,-4591409.9999997
495,16164255.405405406,-4590210.0000003,16164255.405405406,-4591409.9999997
496,16164205.315315315,-4590210.0000003,16164205.315315315,-4591409.9999997
497,16164155.225225225,-4590210.0000003,16164155.225225225,-4591409.9999997
498,16163520.0000003,-4590824.864864865,16164719.9999997,-4590824.864864865
499,16163490.0000003,-4590844.954954955,16164689.9999997,-4590844.954954955
500,16163490.0000003,-4590895.045045045,16164689.9999997,-4590895.045045045
501,16164135.135135135,-4591499.9999997,16164135.135135135,-4590300.0000003
502,16164749.9999997,-4590864.774774775,16163550.0000003,-4590864.774774775
503,16164175.315315315,-4591439.9999997,16164175.315315315,-4590240.0000003
504,16164225.405405406,-4591439.9999997,16164225.405405406,-4590240.0000003
505,16164275.495495496,-4591439.9999997,16164275.495495496,-4590240.0000003
506,16164325.585585585,-4591439.9999997,16164325.585585585,-4590240.0000003
507,16164345.675675675,-4591469.9999997,16164345.675675675,-4590270.0000003
508,16164395.765765766,-4591469.9999997,16164395.765765766,-4590270.0000003
509,16164445.855855856,-4591469.9999997,16164445.855855856,-4590270.0000003
510,16163880.0000003,-4590885.945945946,16165079.9999997,-4590885.945945946
511,16164516.036036037,-4591499.9999997,16164516.036036037,-4590300.0000003
512,16163940.0000003,-4590926.126126126,16165139.9999997,-4590926.126126126
513,16164523.783783784,-4590360.0000003,16164523.783783784,-4591559.9999997
514,16163910.0000003,-4590996.306306306,16165109.9999997,-4590996.306306306
515,16163910.0000003,-4591046.396396397,16165109.9999997,-4591046.396396397
516,16164493.513513513,-4590480.0000003,16164493.513513513,-4591679.9999997
517,16164443.423423423,-4590480.0000003,16164443.423423423,-4591679.9999997
518,16163820.0000003,-4591106.666666667,16165019.9999997,-4591106.666666667
519,16163850.0000003,-4591126.756756756,16165049.9999997,-4591126.756756756
520,16163850.0000003,-4591176.846846847,16165049.9999997,-4591176.846846847
521,16164423.063063063,-4590600.0000003,16164423.063063063,-4591799.9999997
522,16164372.972972972,-4590600.0000003,16164372.972972972,-4591799.9999997
523,16164322.882882884,-4590600.0000003,16164322.882882884,-4591799.9999997
524,16164899.9999997,-4591172.792792792,16163700.0000003,-4591172.792792792
525,16164252.702702703,-4590570.0000003,16164252.702702703,-4591769.9999997
526,16164839.9999997,-4591132.612612613,16163640.0000003,-4591132.612612613
527,16164212.522522522,-4590510.0000003,16164212.522522522,-4591709.9999997
528,16164162.432432432,-4590510.0000003,16164162.432432432,-4591709.9999997
529,16164142.342342343,-4590480.0000003,16164142.342342343,-4591679.9999997
530,16164092.252252253,-4590480.0000003,16164092.252252253,-4591679.9999997
531,16164072.162162162,-4590450.0000003,16164072.162162162,-4591649.9999997
532,16164659.9999997,-4591012.072072072,16163460.0000003,-4591012.072072072
533,16164659.9999997,-4590961.981981982,16163460.0000003,-4590961.981981982
534,16164041.891891891,-4590330.0000003,16164041.891891891,-4591529.9999997
535,16163400.0000003,-4590938.198198198,16164599.9999997,-4590938.198198198
536,16163971.711711712,-4590360.0000003,16163971.711711712,-4591559.9999997
537,16163921.621621622,-4590360.0000003,16163921.621621622,-4591559.9999997
538,16163871.531531531,-4590360.0000003,16163871.531531531,-4591559.9999997
539,16163250.0000003,-4590988.558558558,16164449.9999997,-4590988.558558558
540,16163250.0000003,-4591038.6486486485,16164449.9999997,-4591038.6486486485
541,16163250.0000003,-4591088.738738739,16164449.9999997,-4591088.738738739
542,16163250.0000003,-4591138.828828828,16164449.9999997,-4591138.828828828
543,16163898.918918919,-4591739.9999997,16163898.918918919,-4590540.0000003
544,16163340.0000003,-4591149.009009009,16164539.9999997,-4591149.009009009
545,16163340.0000003,-4591199.099099099,16164539.9999997,-4591199.099099099
546,16163340.0000003,-4591249.189189189,16164539.9999997,-4591249.189189189
547,16163900.720720721,-4590660.0000003,16163900.720720721,-4591859.9999997
548,16163983.184046885,-4590674.825161675,16163718.077214377,-4591845.174838325
549,16164449.9999997,-4591210.540540541,16163250.0000003,-4591210.540540541
550,16163810.45045045,-4590600.0000003,16163810.45045045,-4591799.9999997
551,16163190.0000003,-4591229.639639639,16164389.9999997,-4591229.639639639
552,16163190.0000003,-4591279.72972973,16164389.9999997,-4591279.72972973
553,16163829.81981982,-4591889.9999997,16163829.81981982,-4590690.0000003
554,16163250.0000003,-4591319.90990991,16164449.9999997,-4591319.90990991
555,16163250.0000003,-4591370.0,16164449.9999997,-4591370.0
556,16163220.0000003,-4591390.09009009,16164419.9999997,-4591390.09009009
557,16163789.81981982,-4590810.0000003,16163789.81981982,-4592009.9999997
558,16163160.0000003,-4591430.27027027,16164359.9999997,-4591430.27027027
559,16163749.63963964,-4590870.0000003,16163749.63963964,-4592069.9999997
560,16163516.967135804,-4590938.921826391,16163942.131963296,-4592061.078173609
561,16164299.9999997,-4591479.459459459,16163100.0000003,-4591479.459459459
562,16163689.369369369,-4590840.0000003,16163689.369369369,-4592039.9999997
563,16163639.279279279,-4590840.0000003,16163639.279279279,-4592039.9999997
564,16163010.0000003,-4591460.810810811,16164209.9999997,-4591460.810810811
565,16163599.0990991,-4590900.0000003,16163599.0990991,-4592099.9999997
566,16164179.9999997,-4591469.009009009,16162980.0000003,-4591469.009009009
567,16163558.918918919,-4590840.0000003,16163558.918918919,-4592039.9999997
568,16163538.828828828,-4590810.0000003,16163538.828828828,-4592009.9999997
569,16163488.738738738,-4590810.0000003,16163488.738738738,-4592009.9999997
570,16164059.9999997,-4591388.6486486485,16162860.0000003,-4591388.6486486485
571,16164029.9999997,-4591368.558558558,16162830.0000003,-4591368.558558558
572,16163428.468468469,-4590720.0000003,16163428.468468469,-4591919.9999997
573,16163378.378378378,-4590720.0000003,16163378.378378378,-4591919.9999997
574,16162770.0000003,-4591361.711711711,16163969.9999997,-4591361.711711711
575,16163338.198198197,-4590780.0000003,16163338.198198197,-4591979.9999997
576,16163288.108108109,-4590780.0000003,16163288.108108109,-4591979.9999997
577,16163879.9999997,-4591338.018018018,16162680.0000003,-4591338.018018018
578,16163849.9999997,-4591317.927927928,16162650.0000003,-4591317.927927928
579,16163227.837837838,-4590690.0000003,16163227.837837838,-4591889.9999997
580,16162590.0000003,-4591302.252252252,16163789.9999997,-4591302.252252252
581,16162560.0000003,-4591322.342342342,16163759.9999997,-4591322.342342342
582,16162560.0000003,-4591372.432432433,16163759.9999997,-4591372.432432433
583,16162590.0000003,-4591392.522522522,16163789.9999997,-4591392.522522522
584,16163192.612612613,-4592039.9999997,16163192.612612613,-4590840.0000003
585,16163242.702702703,-4592039.9999997,16163242.702702703,-4590840.0000003
586,16162650.0000003,-4591482.792792792,16163849.9999997,-4591482.792792792
587,16163252.882882884,-4592129.9999997,16163252.882882884,-4590930.0000003
588,16162680.0000003,-4591552.972972973,16163879.9999997,-4591552.972972973
589,16162710.0000003,-4591573.063063063,16163909.9999997,-4591573.063063063
590,16163343.153153153,-4592189.9999997,16163343.153153153,-4590990.0000003
591,16163393.243243244,-4592189.9999997,16163393.243243244,-4590990.0000003
592,16162800.0000003,-4591633.333333333,16163999.9999997,-4591633.333333333
593,16163433.423423423,-4592249.9999997,16163433.423423423,-4591050.0000003
594,16162860.0000003,-4591673.513513514,16164059.9999997,-4591673.513513514
595,16163503.603603603,-4592279.9999997,16163503.603603603,-4591080.0000003
596,16163553.693693694,-4592279.9999997,16163553.693693694,-4591080.0000003
597,16162980.0000003,-4591703.783783784,16164179.9999997,-4591703.783783784
598,16164209.9999997,-4591696.126126126,16163010.0000003,-4591696.126126126
599,16164209.9999997,-4591646.036036036,16163010.0000003,-4591646.036036036
600,16164209.9999997,-4591595.945945946,16163010.0000003,-4591595.945945946
601,16163624.144144144,-4592159.9999997,16163624.144144144,-4590960.0000003
602,16163070.0000003,-4591564.234234234,16164269.9999997,-4591564.234234234
603,16163070.0000003,-4591614.324324325,16164269.9999997,-4591614.324324325
604,16163040.0000003,-4591634.414414414,16164239.9999997,-4591634.414414414
605,16163644.504504504,-4592279.9999997,16163644.504504504,-4591080.0000003
606,16163694.594594594,-4592279.9999997,16163694.594594594,-4591080.0000003
607,16163714.684684685,-4592309.9999997,16163714.684684685,-4591110.0000003
608,16163160.0000003,-4591714.774774775,16164359.9999997,-4591714.774774775
609,16163160.0000003,-4591764.864864865,16164359.9999997,-4591764.864864865
610,16163804.954954956,-4592369.9999997,16163804.954954956,-4591170.0000003
611,16163250.0000003,-4591775.045045045,16164449.9999997,-4591775.045045045
612,16163875.135135135,-4592399.9999997,16163875.135135135,-4591200.0000003
613,16163864.774774775,-4591230.0000003,16163864.774774775,-4592429.9999997
614,16163814.684684685,-4591230.0000003,16163814.684684685,-4592429.9999997
615,16163764.594594594,-4591230.0000003,16163764.594594594,-4592429.9999997
616,16163744.504504504,-4591200.0000003,16163744.504504504,-4592399.9999997
617,16163694.414414415,-4591200.0000003,16163694.414414415,-4592399.9999997
618,16163644.324324325,-4591200.0000003,16163644.324324325,-4592399.9999997
619,16163624.234234234,-4591170.0000003,16163624.234234234,-4592369.9999997
620,16163604.144144144,-4591200.0000003,16163604.144144144,-4592399.9999997
621,16162980.0000003,-4591825.945945946,16164179.9999997,-4591825.945945946
622,16163010.0000003,-4591846.036036036,16164209.9999997,-4591846.036036036
623,16163010.0000003,-4591896.126126126,16164209.9999997,-4591896.126126126
624,16163636.216216216,-4592519.9999997,16163636.216216216,-4591320.0000003
625,16163686.306306306,-4592519.9999997,16163686.306306306,-4591320.0000003
626,16163130.0000003,-4591926.396396397,16164329.9999997,-4591926.396396397
627,16163756.486486487,-4592549.9999997,16163756.486486487,-4591350.0000003
628,16163806.576576577,-4592549.9999997,16163806.576576577,-4591350.0000003
629,16164449.9999997,-4591943.333333333,16163250.0000003,-4591943.333333333
630,16163876.756756756,-4592519.9999997,16163876.756756756,-4591320.0000003
631,16163896.846846847,-4592549.9999997,16163896.846846847,-4591350.0000003
632,16163340.0000003,-4591956.936936937,16164539.9999997,-4591956.936936937
633,16163340.0000003,-4592007.027027027,16164539.9999997,-4592007.027027027
634,16163340.0000003,-4592057.117117117,16164539.9999997,-4592057.117117117
635,16163340.0000003,-4592107.207207208,16164539.9999997,-4592107.207207208
636,16163340.0000003,-4592157.297297297,16164539.9999997,-4592157.297297297
637,16163310.0000003,-4592177.387387387,16164509.9999997,-4592177.387387387
638,16163280.0000003,-4592197.477477478,16164479.9999997,-4592197.477477478
639,16163907.567567568,-4592819.9999997,16163907.567567568,-4591620.0000003
640,16163310.0000003,-4592267.657657658,16164509.9999997,-4592267.657657658
641,16163917.747747747,-4592909.9999997,16163917.747747747,-4591710.0000003
642,16163340.0000003,-4592337.837837838,16164539.9999997,-4592337.837837838
643,16163310.0000003,-4592357.927927928,16164509.9999997,-4592357.927927928
644,16163901.981981982,-4591800.0000003,16163901.981981982,-4592999.9999997
645,16163280.0000003,-4592428.108108108,16164479.9999997,-4592428.108108108
646,16163280.0000003,-4592478.198198198,16164479.9999997,-4592478.198198198
647,16163280.0000003,-4592528.288288289,16164479.9999997,-4592528.288288289
648,16163280.0000003,-4592578.378378378,16164479.9999997,-4592578.378378378
649,16163831.531531531,-4591980.0000003,16163831.531531531,-4593179.9999997
650,16163220.0000003,-4592618.558558558,16164419.9999997,-4592618.558558558
651,16163220.0000003,-4592668.6486486485,16164419.9999997,-4592668.6486486485
652,16163220.0000003,-4592718.738738739,16164419.9999997,-4592718.738738739
653,16163220.0000003,-4592768.828828828,16164419.9999997,-4592768.828828828
654,16163220.0000003,-4592818.918918919,16164419.9999997,-4592818.918918919
655,16163190.0000003,-4592839.009009009,16164389.9999997,-4592839.009009009
656,16163190.0000003,-4592889.099099099,16164389.9999997,-4592889.099099099
657,16163193.248104647,-4593001.5364024155,16164386.751895353,-4592876.841975963
658,16163839.279279279,-4593539.9999997,16163839.279279279,-4592340.0000003
659,16163889.369369369,-4593539.9999997,16163889.369369369,-4592340.0000003
660,16163939.45945946,-4593539.9999997,16163939.45945946,-4592340.0000003
661,16163370.0000003,-4592959.54954955,16164569.9999997,-4592959.54954955
662,16163370.0000003,-4593009.639639639,16164569.9999997,-4593009.639639639
663,16163370.0000003,-4593059.72972973,16164569.9999997,-4593059.72972973
664,16163370.0000003,-4593109.81981982,16164569.9999997,-4593109.81981982
665,16163370.0000003,-4593159.90990991,16164569.9999997,-4593159.90990991
666,16163940.0,-4592580.0000003,16163940.0,-4593779.9999997
667,16163889.90990991,-4592580.0000003,16163889.90990991,-4593779.9999997
668,16163890.18018018,-4593809.9999997,16163890.18018018,-4592610.0000003
669,16163940.27027027,-4593809.9999997,16163940.27027027,-4592610.0000003
670,16163370.0000003,-4593230.360360361,16164569.9999997,-4593230.360360361
671,16163980.45045045,-4593869.9999997,16163980.45045045,-4592670.0000003
672,16163827.976386609,-4592725.027343887,16164170.94253231,-4593874.972656113
673,16163370.0000003,-4593320.630630631,16164569.9999997,-4593320.630630631
674,16163959.279279279,-4592760.0000003,16163959.279279279,-4593959.9999997
675,16163909.18918919,-4592760.0000003,16163909.18918919,-4593959.9999997
676,16163859.0990991,-4592760.0000003,16163859.0990991,-4593959.9999997
677,16163250.0000003,-4593400.990990991,16164449.9999997,-4593400.990990991
678,16163220.0000003,-4593421.081081081,16164419.9999997,-4593421.081081081
679,16163798.828828828,-4592850.0000003,16163798.828828828,-4594049.9999997
680,16163160.0000003,-4593461.261261261,16164359.9999997,-4593461.261261261
681,16163728.64864865,-4592880.0000003,16163728.64864865,-4594079.9999997
682,16163100.0000003,-4593501.441441442,16164299.9999997,-4593501.441441442
683,16163100.0000003,-4593551.531531531,16164299.9999997,-4593551.531531531
684,16163698.378378378,-4593000.0000003,16163698.378378378,-4594199.9999997
685,16163648.288288288,-4593000.0000003,16163648.288288288,-4594199.9999997
686,16163040.0000003,-4593641.801801802,16164239.9999997,-4593641.801801802
687,16163040.0000003,-4593691.891891892,16164239.9999997,-4593691.891891892
688,16163040.0000003,-4593741.981981982,16164239.9999997,-4593741.981981982
689,16163627.927927928,-4593180.0000003,16163627.927927928,-4594379.9999997
690,16163010.0000003,-4593812.162162162,16164209.9999997,-4593812.162162162
691,16163010.0000003,-4593862.252252252,16164209.9999997,-4593862.252252252
692,16163040.0000003,-4593882.342342342,16164239.9999997,-4593882.342342342
693,16163010.0000003,-4593902.432432433,16164209.9999997,-4593902.432432433
694,16163010.0000003,-4593952.522522522,16164209.9999997,-4593952.522522522
695,16163622.612612613,-4594589.9999997,16163622.612612613,-4593390.0000003
696,16163642.702702703,-4594619.9999997,16163642.702702703,-4593420.0000003
697,16163692.792792793,-4594619.9999997,16163692.792792793,-4593420.0000003
698,16163712.882882884,-4594589.9999997,16163712.882882884,-4593390.0000003
699,16163160.0000003,-4593992.972972973,16164359.9999997,-4593992.972972973
700,16163783.063063063,-4594619.9999997,16163783.063063063,-4593420.0000003
701,16163803.153153153,-4594649.9999997,16163803.153153153,-4593450.0000003
702,16163853.243243244,-4594649.9999997,16163853.243243244,-4593450.0000003
703,16163903.333333334,-4594649.9999997,16163903.333333334,-4593450.0000003
704,16163310.0000003,-4594093.423423423,16164509.9999997,-4594093.423423423
705,16164539.9999997,-4594106.486486486,16163340.0000003,-4594106.486486486
706,16164539.9999997,-4594056.396396397,16163340.0000003,-4594056.396396397
707,16163983.693693694,-4594649.9999997,16163983.693693694,-4593450.0000003
708,16163430.0000003,-4594053.783783784,16164629.9999997,-4594053.783783784
709,16163430.0000003,-4594103.873873874,16164629.9999997,-4594103.873873874
710,16164073.963963963,-4594709.9999997,16164073.963963963,-4593510.0000003
711,16164124.054054054,-4594709.9999997,16164124.054054054,-4593510.0000003
712,16164174.144144144,-4594709.9999997,16164174.144144144,-4593510.0000003
713,16163580.0000003,-4594154.234234234,16164779.9999997,-4594154.234234234
714,16164145.675675675,-4593570.0000003,16164145.675675675,-4594769.9999997
715,16164095.585585585,-4593570.0000003,16164095.585585585,-4594769.9999997
716,16164075.495495496,-4593600.0000003,16164075.495495496,-4594799.9999997
717,16163460.0000003,-4594234.594594595,16164659.9999997,-4594234.594594595
718,16164035.315315315,-4593660.0000003,16164035.315315315,-4594859.9999997
719,16163985.225225225,-4593660.0000003,16163985.225225225,-4594859.9999997
720,16163965.135135135,-4593690.0000003,16163965.135135135,-4594889.9999997
721,16163340.0000003,-4594314.954954955,16164539.9999997,-4594314.954954955
722,16163894.954954956,-4593720.0000003,16163894.954954956,-4594919.9999997
723,16163874.864864865,-4593750.0000003,16163874.864864865,-4594949.9999997
724,16163824.774774775,-4593750.0000003,16163824.774774775,-4594949.9999997
725,16163190.0000003,-4594365.3153153155,16164389.9999997,-4594365.3153153155
726,16163190.0000003,-4594415.405405405,16164389.9999997,-4594415.405405405
727,16163764.504504504,-4593840.0000003,16163764.504504504,-4595039.9999997
728,16163160.0000003,-4594485.585585586,16164359.9999997,-4594485.585585586
729,16163160.0000003,-4594535.675675675,16164359.9999997,-4594535.675675675
730,16163160.0000003,-4594585.765765766,16164359.9999997,-4594585.765765766
731,16163160.0000003,-4594635.855855856,16164359.9999997,-4594635.855855856
732,16163160.0000003,-4594685.945945946,16164359.9999997,-4594685.945945946
733,16163160.0000003,-4594736.036036036,16164359.9999997,-4594736.036036036
734,16163190.0000003,-4594756.126126126,16164389.9999997,-4594756.126126126
735,16163190.0000003,-4594806.216216216,16164389.9999997,-4594806.216216216
736,16163190.0000003,-4594856.306306306,16164389.9999997,-4594856.306306306
737,16163220.0000003,-4594876.396396397,16164419.9999997,-4594876.396396397
738,16163220.0000003,-4594926.486486486,16164419.9999997,-4594926.486486486
739,16163220.0000003,-4594976.576576577,16164419.9999997,-4594976.576576577
740,16163250.0000003,-4594996.666666667,16164449.9999997,-4594996.666666667
741,16163220.0000003,-4595016.756756756,16164419.9999997,-4595016.756756756
742,16163793.153153153,-4594440.0000003,16163793.153153153,-4595639.9999997
743,16163773.063063063,-4594410.0000003,16163773.063063063,-4595609.9999997
744,16163130.0000003,-4595017.027027027,16164329.9999997,-4595017.027027027
745,16163702.882882884,-4594440.0000003,16163702.882882884,-4595639.9999997
746,16164269.9999997,-4595022.792792792,16163070.0000003,-4595022.792792792
747,16163632.702702703,-4594410.0000003,16163632.702702703,-4595609.9999997
748,16163582.612612613,-4594410.0000003,16163582.612612613,-4595609.9999997
749,16162980.0000003,-4595057.477477478,16164179.9999997,-4595057.477477478
750,16162980.0000003,-4595107.567567567,16164179.9999997,-4595107.567567567
751,16162980.0000003,-4595157.657657658,16164179.9999997,-4595157.657657658
752,16162980.0000003,-4595207.747747748,16164179.9999997,-4595207.747747748
753,16162980.0000003,-4595257.837837838,16164179.9999997,-4595257.837837838
754,16163552.072072072,-4594680.0000003,16163552.072072072,-4595879.9999997
755,16162950.0000003,-4595328.018018018,16164149.9999997,-4595328.018018018
756,16162950.0000003,-4595378.108108108,16164149.9999997,-4595378.108108108
757,16162950.0000003,-4595428.198198198,16164149.9999997,-4595428.198198198
758,16162950.0000003,-4595478.288288289,16164149.9999997,-4595478.288288289
759,16162950.0000003,-4595528.378378378,16164149.9999997,-4595528.378378378
760,16163578.468468469,-4596149.9999997,16163578.468468469,-4594950.0000003
761,16163010.0000003,-4595568.558558558,16164209.9999997,-4595568.558558558
762,16163010.0000003,-4595618.6486486485,16164209.9999997,-4595618.6486486485
763,16163010.0000003,-4595668.738738739,16164209.9999997,-4595668.738738739
764,16163010.0000003,-4595718.828828828,16164209.9999997,-4595718.828828828
765,16163010.0000003,-4595768.918918919,16164209.9999997,-4595768.918918919
766,16163010.0000003,-4595819.009009009,16164209.9999997,-4595819.009009009
767,16163010.0000003,-4595869.099099099,16164209.9999997,-4595869.099099099
768,16162980.0000003,-4595889.189189189,16164179.9999997,-4595889.189189189
769,16162980.0000003,-4595939.2792792795,16164179.9999997,-4595939.2792792795
770,16163599.369369369,-4596569.9999997,16163599.369369369,-4595370.0000003
771,16163649.45945946,-4596569.9999997,16163649.45945946,-4595370.0000003
772,16163699.54954955,-4596569.9999997,16163699.54954955,-4595370.0000003
773,16164329.9999997,-4595950.360360361,16163130.0000003,-4595950.360360361
774,16163769.72972973,-4596539.9999997,16163769.72972973,-4595340.0000003
775,16163819.81981982,-4596539.9999997,16163819.81981982,-4595340.0000003
776,16163250.0000003,-4595959.90990991,16164449.9999997,-4595959.90990991
777,16163250.0000003,-4596010.0,16164449.9999997,-4596010.0
778,16163250.0000003,-4596060.09009009,16164449.9999997,-4596060.09009009
779,16163829.81981982,-4595490.0000003,16163829.81981982,-4596689.9999997
780,16163190.0000003,-4596100.27027027,16164389.9999997,-4596100.27027027
781,16163277.027314473,-4596375.665398096,16164362.972685527,-4595865.055322626
782,16163799.54954955,-4595550.0000003,16163799.54954955,-4596749.9999997
783,16163190.0000003,-4596190.540540541,16164389.9999997,-4596190.540540541
784,16163759.369369369,-4595610.0000003,16163759.369369369,-4596809.9999997
785,16164329.9999997,-4596189.2792792795,16163130.0000003,-4596189.2792792795
786,16164329.9999997,-4596139.189189189,16163130.0000003,-4596139.189189189
787,16163699.0990991,-4595520.0000003,16163699.0990991,-4596719.9999997
788,16163649.00900901,-4595520.0000003,16163649.00900901,-4596719.9999997
789,16163040.0000003,-4596161.081081081,16164239.9999997,-4596161.081081081
790,16163040.0000003,-4596211.171171172,16164239.9999997,-4596211.171171172
791,16163618.738738738,-4595640.0000003,16163618.738738738,-4596839.9999997
792,16163010.0000003,-4596281.3513513515,16164209.9999997,-4596281.3513513515
793,16163010.0000003,-4596331.441441442,16164209.9999997,-4596331.441441442
794,16163010.0000003,-4596381.531531531,16164209.9999997,-4596381.531531531
795,16163010.0000003,-4596431.621621622,16164209.9999997,-4596431.621621622
796,16163010.0000003,-4596481.711711712,16164209.9999997,-4596481.711711712
797,16163010.0000003,-4596531.801801802,16164209.9999997,-4596531.801801802
798,16163568.108108109,-4595940.0000003,16163568.108108109,-4597139.9999997
799,16163548.018018018,-4595970.0000003,16163548.018018018,-4597169.9999997
800,16162920.0000003,-4596592.072072072,16164119.9999997,-4596592.072072072
801,16163477.837837838,-4596000.0000003,16163477.837837838,-4597199.9999997
802,16162830.0000003,-4596602.252252252,16164029.9999997,-4596602.252252252
803,16162830.0000003,-4596652.342342342,16164029.9999997,-4596652.342342342
804,16163472.432432432,-4597259.9999997,16163472.432432432,-4596060.0000003
805,16162920.0000003,-4596662.522522522,16164119.9999997,-4596662.522522522
806,16162920.0000003,-4596712.612612613,16164119.9999997,-4596712.612612613
807,16164089.9999997,-4596707.297297297,16162890.0000003,-4596707.297297297
808,16163457.207207207,-4596090.0000003,16163457.207207207,-4597289.9999997
809,16163407.117117116,-4596090.0000003,16163407.117117116,-4597289.9999997
810,16162800.0000003,-4596732.972972973,16163999.9999997,-4596732.972972973
811,16162800.0000003,-4596783.063063063,16163999.9999997,-4596783.063063063
812,16162800.0000003,-4596833.153153153,16163999.9999997,-4596833.153153153
813,16162770.0000003,-4596853.243243244,16163969.9999997,-4596853.243243244
814,16162770.0000003,-4596903.333333333,16163969.9999997,-4596903.333333333
815,16163393.423423423,-4597529.9999997,16163393.423423423,-4596330.0000003
816,16162800.0000003,-4596973.513513514,16163999.9999997,-4596973.513513514
817,16162800.0000003,-4597023.603603603,16163999.9999997,-4597023.603603603
818,16162800.0000003,-4597073.693693694,16163999.9999997,-4597073.693693694
819,16162770.0000003,-4597093.783783784,16163969.9999997,-4597093.783783784
820,16163336.126126125,-4596510.0000003,16163336.126126125,-4597709.9999997
821,16163286.036036037,-4596510.0000003,16163286.036036037,-4597709.9999997
822,16163849.9999997,-4597095.945945946,16162650.0000003,-4597095.945945946
823,16163215.855855856,-4596480.0000003,16163215.855855856,-4597679.9999997
824,16163165.765765766,-4596480.0000003,16163165.765765766,-4597679.9999997
825,16163115.675675675,-4596480.0000003,16163115.675675675,-4597679.9999997
826,16162500.0000003,-4597114.414414414,16163699.9999997,-4597114.414414414
827,16163075.495495496,-4596540.0000003,16163075.495495496,-4597739.9999997
828,16163025.405405406,-4596540.0000003,16163025.405405406,-4597739.9999997
829,16162975.315315315,-4596540.0000003,16162975.315315315,-4597739.9999997
830,16163549.9999997,-4597115.225225225,16162350.0000003,-4597115.225225225
831,16162994.864864865,-4597709.9999997,16162994.864864865,-4596510.0000003
832,16163639.9999997,-4597105.045045045,16162440.0000003,-4597105.045045045
833,16163639.9999997,-4597054.954954955,16162440.0000003,-4597054.954954955
834,16162994.864864865,-4596450.0000003,16162994.864864865,-4597649.9999997
835,16162944.774774775,-4596450.0000003,16162944.774774775,-4597649.9999997
836,16162894.684684685,-4596450.0000003,16162894.684684685,-4597649.9999997
837,16162874.594594594,-4596420.0000003,16162874.594594594,-4597619.9999997
838,16162824.504504504,-4596420.0000003,16162824.504504504,-4597619.9999997
839,16162774.414414415,-4596420.0000003,16162774.414414415,-4597619.9999997
840,16163339.9999997,-4597004.324324325,16162140.0000003,-4597004.324324325
841,16162704.234234234,-4596390.0000003,16162704.234234234,-4597589.9999997
842,16163279.9999997,-4596964.144144144,16162080.0000003,-4596964.144144144
843,16163279.9999997,-4596914.054054054,16162080.0000003,-4596914.054054054
844,16162050.0000003,-4596906.036036036,16163249.9999997,-4596906.036036036
845,16162623.873873875,-4596330.0000003,16162623.873873875,-4597529.9999997
846,16161990.0000003,-4596946.216216216,16163189.9999997,-4596946.216216216
847,16162583.693693694,-4596390.0000003,16162583.693693694,-4597589.9999997
848,16162533.603603603,-4596390.0000003,16162533.603603603,-4597589.9999997
849,16162513.513513513,-4596420.0000003,16162513.513513513,-4597619.9999997
850,16163069.9999997,-4597013.423423423,16161870.0000003,-4597013.423423423
851,16162443.333333334,-4596390.0000003,16162443.333333334,-4597589.9999997
852,16163009.9999997,-4596973.243243244,16161810.0000003,-4596973.243243244
853,16162403.153153153,-4596330.0000003,16162403.153153153,-4597529.9999997
854,16162353.063063063,-4596330.0000003,16162353.063063063,-4597529.9999997
855,16161720.0000003,-4596947.027027027,16162919.9999997,-4596947.027027027
856,16162282.882882884,-4596360.0000003,16162282.882882884,-4597559.9999997
857,16162232.792792793,-4596360.0000003,16162232.792792793,-4597559.9999997
858,16162212.702702703,-4596330.0000003,16162212.702702703,-4597529.9999997
859,16162162.612612613,-4596330.0000003,16162162.612612613,-4597529.9999997
860,16162112.522522522,-4596330.0000003,16162112.522522522,-4597529.9999997
861,16162127.567567568,-4597499.9999997,16162127.567567568,-4596300.0000003
862,16162769.9999997,-4596892.342342342,16161570.0000003,-4596892.342342342
863,16162197.747747747,-4597469.9999997,16162197.747747747,-4596270.0000003
864,16162829.9999997,-4596852.162162162,16161630.0000003,-4596852.162162162
865,16162829.9999997,-4596802.072072072,16161630.0000003,-4596802.072072072
866,16162829.9999997,-4596751.981981982,16161630.0000003,-4596751.981981982
867,16162859.9999997,-4596731.891891892,16161660.0000003,-4596731.891891892
868,16162859.9999997,-4596681.801801802,16161660.0000003,-4596681.801801802
869,16162231.711711712,-4596060.0000003,16162231.711711712,-4597259.9999997
870,16162181.621621622,-4596060.0000003,16162181.621621622,-4597259.9999997
871,16162739.9999997,-4596651.531531531,16161540.0000003,-4596651.531531531
872,16162168.558558559,-4597229.9999997,16162168.558558559,-4596030.0000003
873,16162799.9999997,-4596611.3513513515,16161600.0000003,-4596611.3513513515
874,16162799.9999997,-4596561.261261261,16161600.0000003,-4596561.261261261
875,16162799.9999997,-4596511.171171172,16161600.0000003,-4596511.171171172
876,16162218.918918919,-4597079.9999997,16162218.918918919,-4595880.0000003
877,16162239.00900901,-4597049.9999997,16162239.00900901,-4595850.0000003
878,16162859.9999997,-4596420.900900901,16161660.0000003,-4596420.900900901
879,16162859.9999997,-4596370.810810811,16161660.0000003,-4596370.810810811
880,16162269.279279279,-4596929.9999997,16162269.279279279,-4595730.0000003
881,16162451.922785623,-4596915.174838325,16162186.815953115,-4595744.825161675
882,16162919.9999997,-4596280.540540541,16161720.0000003,-4596280.540540541
883,16162310.45045045,-4595640.0000003,16162310.45045045,-4596839.9999997
884,16162260.36036036,-4595640.0000003,16162260.36036036,-4596839.9999997
885,16162829.9999997,-4596220.27027027,16161630.0000003,-4596220.27027027
886,16162239.81981982,-4596779.9999997,16162239.81981982,-4595580.0000003
887,16162859.9999997,-4596150.09009009,16161660.0000003,-4596150.09009009
888,16162240.0,-4595520.0000003,16162240.0,-4596719.9999997
889,16162829.9999997,-4596079.90990991,16161630.0000003,-4596079.90990991
890,16162752.773020094,-4596402.12779543,16161767.226979906,-4595717.51184421
891,16162859.9999997,-4596009.72972973,16161660.0000003,-4596009.72972973
892,16162889.9999997,-4595989.639639639,16161690.0000003,-4595989.639639639
893,16162889.9999997,-4595939.54954955,16161690.0000003,-4595939.54954955
894,16162269.45945946,-4595310.0000003,16162269.45945946,-4596509.9999997
895,16162829.9999997,-4595899.369369369,16161630.0000003,-4595899.369369369
896,16162325.403631184,-4595257.749961116,16162133.154927373,-4596442.250038884
897,16162179.18918919,-4595250.0000003,16162179.18918919,-4596449.9999997
898,16161570.0000003,-4595890.900900901,16162769.9999997,-4595890.900900901
899,16162139.00900901,-4595310.0000003,16162139.00900901,-4596509.9999997
900,16162088.918918919,-4595310.0000003,16162088.918918919,-4596509.9999997
901,16162649.9999997,-4595898.828828828,16161450.0000003,-4595898.828828828
902,16162048.738738738,-4595250.0000003,16162048.738738738,-4596449.9999997
903,16161998.64864865,-4595250.0000003,16161998.64864865,-4596449.9999997
904,16161948.558558559,-4595250.0000003,16161948.558558559,-4596449.9999997
905,16161300.0000003,-4595851.531531531,16162499.9999997,-4595851.531531531
906,16161300.0000003,-4595901.621621622,16162499.9999997,-4595901.621621622
907,16161300.0000003,-4595951.711711712,16162499.9999997,-4595951.711711712
908,16161270.0000003,-4595971.801801802,16162469.9999997,-4595971.801801802
909,16161270.0000003,-4596021.891891892,16162469.9999997,-4596021.891891892
910,16161858.018018018,-4595460.0000003,16161858.018018018,-4596659.9999997
911,16161837.927927928,-4595490.0000003,16161837.927927928,-4596689.9999997
912,16161787.837837838,-4595490.0000003,16161787.837837838,-4596689.9999997
913,16161737.747747747,-4595490.0000003,16161737.747747747,-4596689.9999997
914,16161687.657657657,-4595490.0000003,16161687.657657657,-4596689.9999997
915,16161637.567567568,-4595490.0000003,16161637.567567568,-4596689.9999997
916,16161617.477477478,-4595520.0000003,16161617.477477478,-4596719.9999997
917,16161567.387387387,-4595520.0000003,16161567.387387387,-4596719.9999997
918,16160940.0000003,-4596142.702702703,16162139.9999997,-4596142.702702703
919,16161497.207207207,-4595550.0000003,16161497.207207207,-4596749.9999997
920,16161447.117117116,-4595550.0000003,16161447.117117116,-4596749.9999997
921,16162019.9999997,-4596127.027027027,16160820.0000003,-4596127.027027027
922,16161989.9999997,-4596106.936936937,16160790.0000003,-4596106.936936937
923,16161989.9999997,-4596056.846846847,16160790.0000003,-4596056.846846847
924,16161989.9999997,-4596006.756756756,16160790.0000003,-4596006.756756756
925,16161376.666666666,-4595370.0000003,16161376.666666666,-4596569.9999997
926,16161959.9999997,-4595936.576576577,16160760.0000003,-4595936.576576577
927,16161336.486486487,-4595310.0000003,16161336.486486487,-4596509.9999997
928,16160700.0000003,-4595923.603603603,16161899.9999997,-4595923.603603603
929,16161296.306306306,-4595370.0000003,16161296.306306306,-4596569.9999997
930,16161246.216216216,-4595370.0000003,16161246.216216216,-4596569.9999997
931,16161839.9999997,-4595926.126126126,16160640.0000003,-4595926.126126126
932,16161243.963963963,-4596479.9999997,16161243.963963963,-4595280.0000003
933,16161294.054054054,-4596479.9999997,16161294.054054054,-4595280.0000003
934,16161314.144144144,-4596449.9999997,16161314.144144144,-4595250.0000003
935,16161929.9999997,-4595815.765765766,16160730.0000003,-4595815.765765766
936,16161929.9999997,-4595765.675675675,16160730.0000003,-4595765.675675675
937,16161285.585585585,-4595160.0000003,16161285.585585585,-4596359.9999997
938,16161839.9999997,-4595755.495495495,16160640.0000003,-4595755.495495495
939,16161215.405405406,-4595130.0000003,16161215.405405406,-4596329.9999997
940,16161165.315315315,-4595130.0000003,16161165.315315315,-4596329.9999997
941,16161115.225225225,-4595130.0000003,16161115.225225225,-4596329.9999997
942,16161689.9999997,-4595705.135135135,16160490.0000003,-4595705.135135135
943,16161045.045045044,-4595100.0000003,16161045.045045044,-4596299.9999997
944,16161024.954954956,-4595130.0000003,16161024.954954956,-4596329.9999997
945,16161599.9999997,-4595704.864864865,16160400.0000003,-4595704.864864865
946,16160984.774774775,-4595070.0000003,16160984.774774775,-4596269.9999997
947,16160934.684684685,-4595070.0000003,16160934.684684685,-4596269.9999997
948,16160884.594594594,-4595070.0000003,16160884.594594594,-4596269.9999997
949,16161479.9999997,-4595624.504504505,16160280.0000003,-4595624.504504505
950,16160874.414414415,-4594980.0000003,16160874.414414415,-4596179.9999997
951,16160824.324324325,-4594980.0000003,16160824.324324325,-4596179.9999997
952,16161389.9999997,-4595564.234234234,16160190.0000003,-4595564.234234234
953,16160784.144144144,-4594920.0000003,16160784.144144144,-4596119.9999997
954,16161359.9999997,-4595494.054054054,16160160.0000003,-4595494.054054054
955,16161329.9999997,-4595473.963963964,16160130.0000003,-4595473.963963964
956,16161329.9999997,-4595423.873873874,16160130.0000003,-4595423.873873874
957,16160703.783783784,-4594800.0000003,16160703.783783784,-4595999.9999997
958,16160683.693693694,-4594770.0000003,16160683.693693694,-4595969.9999997
959,16161239.9999997,-4595363.603603603,16160040.0000003,-4595363.603603603
960,16161239.9999997,-4595313.513513514,16160040.0000003,-4595313.513513514
961,16160623.423423423,-4594680.0000003,16160623.423423423,-4595879.9999997
962,16160603.333333334,-4594650.0000003,16160603.333333334,-4595849.9999997
963,16161179.9999997,-4595223.243243244,16159980.0000003,-4595223.243243244
964,16161149.9999997,-4595203.153153153,16159950.0000003,-4595203.153153153
965,16160513.063063063,-4594590.0000003,16160513.063063063,-4595789.9999997
966,16160462.972972972,-4594590.0000003,16160462.972972972,-4595789.9999997
967,16161059.9999997,-4595142.882882883,16159860.0000003,-4595142.882882883
968,16161059.9999997,-4595092.792792792,16159860.0000003,-4595092.792792792
969,16160487.297297297,-4595669.9999997,16160487.297297297,-4594470.0000003
970,16160537.387387387,-4595669.9999997,16160537.387387387,-4594470.0000003
971,16160587.477477478,-4595669.9999997,16160587.477477478,-4594470.0000003
972,16160637.567567568,-4595669.9999997,16160637.567567568,-4594470.0000003
973,16160687.657657657,-4595669.9999997,16160687.657657657,-4594470.0000003
974,16160737.747747747,-4595669.9999997,16160737.747747747,-4594470.0000003
975,16161359.9999997,-4595042.162162162,16160160.0000003,-4595042.162162162
976,16160807.927927928,-4595639.9999997,16160807.927927928,-4594440.0000003
977,16161419.9999997,-4595001.981981982,16160220.0000003,-4595001.981981982
978,16161419.9999997,-4594951.891891892,16160220.0000003,-4594951.891891892
979,16160868.198198197,-4595549.9999997,16160868.198198197,-4594350.0000003
980,16160310.0000003,-4594958.288288289,16161509.9999997,-4594958.288288289
981,16160938.378378378,-4595579.9999997,16160938.378378378,-4594380.0000003
982,16160958.468468469,-4595609.9999997,16160958.468468469,-4594410.0000003
983,16161569.9999997,-4594971.441441442,16160370.0000003,-4594971.441441442
984,16160998.64864865,-4595549.9999997,16160998.64864865,-4594350.0000003
985,16161048.738738738,-4595549.9999997,16161048.738738738,-4594350.0000003
986,16161689.9999997,-4594941.171171172,16160490.0000003,-4594941.171171172
987,16161118.918918919,-4595519.9999997,16161118.918918919,-4594320.0000003
988,16161139.00900901,-4595549.9999997,16161139.00900901,-4594350.0000003
989,16161779.9999997,-4594940.900900901,16160580.0000003,-4594940.900900901
990,16161776.751895353,-4594828.4635975845,16160583.248104647,-4594953.158024037
991,16161749.9999997,-4594870.7207207205,16160550.0000003,-4594870.7207207205
992,16161110.630630631,-4594260.0000003,16161110.630630631,-4595459.9999997
993,16161664.972656112,-4594659.057467689,16160515.027343888,-4595002.023613392
994,16161040.45045045,-4594230.0000003,16161040.45045045,-4595429.9999997
995,16160990.36036036,-4594230.0000003,16160990.36036036,-4595429.9999997
996,16161239.144946558,-4594309.736674961,16160641.39559398,-4595350.263325039
997,16160920.18018018,-4594200.0000003,16160920.18018018,-4595399.9999997
998,16160870.09009009,-4594200.0000003,16160870.09009009,-4595399.9999997
999,16160820.0,-4594200.0000006,16160820.0,-4595399.9999994
